date,date_key,year,month,month_name,day
2026-04-20,20260420,2026,4,April,20
2026-04-19,20260419,2026,4,April,19
2026-04-18,20260418,2026,4,April,18
2026-04-17,20260417,2026,4,April,17
2025-06-14,20250614,2025,6,June,14
2025-11-02,20251102,2025,11,November,2
2025-08-25,20250825,2025,8,August,25
2025-12-30,20251230,2025,12,December,30
2025-10-02,20251002,2025,10,October,2
2025-08-31,20250831,2025,8,August,31
2025-06-29,20250629,2025,6,June,29
2026-03-12,20260312,2026,3,March,12
2025-09-07,20250907,2025,9,September,7
2025-04-28,20250428,2025,4,April,28
2025-11-24,20251124,2025,11,November,24
2025-10-25,20251025,2025,10,October,25
2025-08-15,20250815,2025,8,August,15
2025-07-20,20250720,2025,7,July,20
2025-09-15,20250915,2025,9,September,15
2025-10-21,20251021,2025,10,October,21
2026-01-13,20260113,2026,1,January,13
2026-04-04,20260404,2026,4,April,4
2026-03-25,20260325,2026,3,March,25
2025-07-31,20250731,2025,7,July,31
2025-12-06,20251206,2025,12,December,6
2025-12-07,20251207,2025,12,December,7
2026-02-03,20260203,2026,2,February,3
2025-06-21,20250621,2025,6,June,21
2026-03-18,20260318,2026,3,March,18
2025-06-27,20250627,2025,6,June,27
2025-07-25,20250725,2025,7,July,25
2025-05-25,20250525,2025,5,May,25
2025-06-06,20250606,2025,6,June,6
2025-11-16,20251116,2025,11,November,16
2025-09-03,20250903,2025,9,September,3
2025-05-06,20250506,2025,5,May,6
2025-12-31,20251231,2025,12,December,31
2025-08-21,20250821,2025,8,August,21
2026-03-20,20260320,2026,3,March,20
2026-01-01,20260101,2026,1,January,1
2025-08-08,20250808,2025,8,August,8
2025-05-28,20250528,2025,5,May,28
2025-12-02,20251202,2025,12,December,2
2025-11-22,20251122,2025,11,November,22
2026-04-12,20260412,2026,4,April,12
2026-03-19,20260319,2026,3,March,19
2025-10-14,20251014,2025,10,October,14
2025-12-29,20251229,2025,12,December,29
2025-09-19,20250919,2025,9,September,19
2025-07-28,20250728,2025,7,July,28
2026-01-15,20260115,2026,1,January,15
2025-07-05,20250705,2025,7,July,5
2026-04-01,20260401,2026,4,April,1
2026-04-11,20260411,2026,4,April,11
2026-03-24,20260324,2026,3,March,24
2025-08-20,20250820,2025,8,August,20
2026-01-03,20260103,2026,1,January,3
2026-04-05,20260405,2026,4,April,5
2025-06-12,20250612,2025,6,June,12
2025-05-19,20250519,2025,5,May,19
2025-09-14,20250914,2025,9,September,14
2026-03-06,20260306,2026,3,March,6
2025-11-05,20251105,2025,11,November,5
2025-07-23,20250723,2025,7,July,23
2025-08-02,20250802,2025,8,August,2
2025-09-22,20250922,2025,9,September,22
2025-12-21,20251221,2025,12,December,21
2025-08-10,20250810,2025,8,August,10
2025-12-04,20251204,2025,12,December,4
2025-09-25,20250925,2025,9,September,25
2025-05-04,20250504,2025,5,May,4
2025-05-03,20250503,2025,5,May,3
2025-09-21,20250921,2025,9,September,21
2025-06-03,20250603,2025,6,June,3
2025-06-05,20250605,2025,6,June,5
2025-11-13,20251113,2025,11,November,13
2025-09-09,20250909,2025,9,September,9
2025-05-12,20250512,2025,5,May,12
2026-02-16,20260216,2026,2,February,16
2025-05-08,20250508,2025,5,May,8
2025-05-16,20250516,2025,5,May,16
2025-08-18,20250818,2025,8,August,18
2025-05-11,20250511,2025,5,May,11
2026-01-07,20260107,2026,1,January,7
2025-07-30,20250730,2025,7,July,30
2025-08-26,20250826,2025,8,August,26
2025-10-15,20251015,2025,10,October,15
2026-03-05,20260305,2026,3,March,5
2025-07-19,20250719,2025,7,July,19
2025-10-06,20251006,2025,10,October,6
2025-09-12,20250912,2025,9,September,12
2025-09-11,20250911,2025,9,September,11
2025-09-01,20250901,2025,9,September,1
2025-10-11,20251011,2025,10,October,11
2025-12-03,20251203,2025,12,December,3
2025-12-17,20251217,2025,12,December,17
2025-12-25,20251225,2025,12,December,25
2025-11-23,20251123,2025,11,November,23
2025-09-26,20250926,2025,9,September,26
2025-08-23,20250823,2025,8,August,23
2025-12-05,20251205,2025,12,December,5
2025-09-02,20250902,2025,9,September,2
2026-04-03,20260403,2026,4,April,3
2025-11-25,20251125,2025,11,November,25
2025-08-12,20250812,2025,8,August,12
2025-06-01,20250601,2025,6,June,1
2025-05-02,20250502,2025,5,May,2
2025-09-23,20250923,2025,9,September,23
2025-05-23,20250523,2025,5,May,23
2025-10-20,20251020,2025,10,October,20
2026-04-08,20260408,2026,4,April,8
2025-09-18,20250918,2025,9,September,18
2025-12-26,20251226,2025,12,December,26
2025-06-16,20250616,2025,6,June,16
2025-06-20,20250620,2025,6,June,20
2025-10-26,20251026,2025,10,October,26
2025-07-14,20250714,2025,7,July,14
2026-01-19,20260119,2026,1,January,19
2026-01-23,20260123,2026,1,January,23
2025-10-28,20251028,2025,10,October,28
2026-01-21,20260121,2026,1,January,21
2026-04-07,20260407,2026,4,April,7
2025-08-30,20250830,2025,8,August,30
2025-10-13,20251013,2025,10,October,13
2026-01-08,20260108,2026,1,January,8
2026-01-18,20260118,2026,1,January,18
2025-08-14,20250814,2025,8,August,14
2025-12-20,20251220,2025,12,December,20
2026-02-17,20260217,2026,2,February,17
2025-10-08,20251008,2025,10,October,8
2025-06-28,20250628,2025,6,June,28
2025-12-10,20251210,2025,12,December,10
2025-11-21,20251121,2025,11,November,21
2025-11-14,20251114,2025,11,November,14
2025-04-22,20250422,2025,4,April,22
2025-11-10,20251110,2025,11,November,10
2025-04-24,20250424,2025,4,April,24
2026-02-02,20260202,2026,2,February,2
2025-11-15,20251115,2025,11,November,15
2026-01-17,20260117,2026,1,January,17
2026-01-29,20260129,2026,1,January,29
2025-04-17,20250417,2025,4,April,17
2025-07-29,20250729,2025,7,July,29
2026-02-05,20260205,2026,2,February,5
2025-10-03,20251003,2025,10,October,3
2026-04-10,20260410,2026,4,April,10
2026-03-29,20260329,2026,3,March,29
2025-08-11,20250811,2025,8,August,11
2025-06-22,20250622,2025,6,June,22
2025-08-01,20250801,2025,8,August,1
2025-08-16,20250816,2025,8,August,16
2025-08-04,20250804,2025,8,August,4
2025-04-27,20250427,2025,4,April,27
2025-06-23,20250623,2025,6,June,23
2025-05-22,20250522,2025,5,May,22
2025-07-11,20250711,2025,7,July,11
2025-12-13,20251213,2025,12,December,13
2025-09-17,20250917,2025,9,September,17
2026-02-01,20260201,2026,2,February,1
2025-04-29,20250429,2025,4,April,29
2025-10-18,20251018,2025,10,October,18
2025-07-02,20250702,2025,7,July,2
2025-06-11,20250611,2025,6,June,11
2025-07-22,20250722,2025,7,July,22
2025-12-15,20251215,2025,12,December,15
2026-01-20,20260120,2026,1,January,20
2025-07-07,20250707,2025,7,July,7
2025-07-08,20250708,2025,7,July,8
2025-12-09,20251209,2025,12,December,9
2026-02-15,20260215,2026,2,February,15
2026-03-30,20260330,2026,3,March,30
2026-04-09,20260409,2026,4,April,9
2025-10-23,20251023,2025,10,October,23
2026-02-07,20260207,2026,2,February,7
2026-04-06,20260406,2026,4,April,6
2025-05-13,20250513,2025,5,May,13
2025-11-17,20251117,2025,11,November,17
2025-12-16,20251216,2025,12,December,16
2025-12-01,20251201,2025,12,December,1
2026-01-22,20260122,2026,1,January,22
2025-08-13,20250813,2025,8,August,13
2026-03-04,20260304,2026,3,March,4
2026-01-28,20260128,2026,1,January,28
2025-04-21,20250421,2025,4,April,21
2026-02-27,20260227,2026,2,February,27
2025-08-19,20250819,2025,8,August,19
2026-01-04,20260104,2026,1,January,4
2025-05-07,20250507,2025,5,May,7
2026-04-15,20260415,2026,4,April,15
2025-08-06,20250806,2025,8,August,6
2026-01-16,20260116,2026,1,January,16
2025-05-21,20250521,2025,5,May,21
2025-09-06,20250906,2025,9,September,6
2025-06-02,20250602,2025,6,June,2
2025-07-18,20250718,2025,7,July,18
2025-07-15,20250715,2025,7,July,15
2025-08-09,20250809,2025,8,August,9
2025-05-10,20250510,2025,5,May,10
2026-02-22,20260222,2026,2,February,22
2026-03-26,20260326,2026,3,March,26
2025-12-11,20251211,2025,12,December,11
2026-03-23,20260323,2026,3,March,23
2025-07-26,20250726,2025,7,July,26
2025-08-03,20250803,2025,8,August,3
2025-12-23,20251223,2025,12,December,23
2026-01-02,20260102,2026,1,January,2
2025-12-27,20251227,2025,12,December,27
2025-09-28,20250928,2025,9,September,28
2026-01-26,20260126,2026,1,January,26
2026-01-06,20260106,2026,1,January,6
2026-02-24,20260224,2026,2,February,24
2026-02-12,20260212,2026,2,February,12
2025-07-27,20250727,2025,7,July,27
2026-02-06,20260206,2026,2,February,6
2026-02-04,20260204,2026,2,February,4
2025-10-31,20251031,2025,10,October,31
2025-09-24,20250924,2025,9,September,24
2025-11-01,20251101,2025,11,November,1
2026-02-13,20260213,2026,2,February,13
2025-07-03,20250703,2025,7,July,3
2025-09-27,20250927,2025,9,September,27
2026-02-11,20260211,2026,2,February,11
2026-02-21,20260221,2026,2,February,21
2025-12-14,20251214,2025,12,December,14
2025-07-04,20250704,2025,7,July,4
2026-03-08,20260308,2026,3,March,8
2026-03-28,20260328,2026,3,March,28
2025-06-07,20250607,2025,6,June,7
2025-11-19,20251119,2025,11,November,19
2025-10-22,20251022,2025,10,October,22
2025-06-15,20250615,2025,6,June,15
2025-08-24,20250824,2025,8,August,24
2025-05-05,20250505,2025,5,May,5
2026-02-14,20260214,2026,2,February,14
2025-10-24,20251024,2025,10,October,24
2026-04-16,20260416,2026,4,April,16
2025-11-11,20251111,2025,11,November,11
2025-06-08,20250608,2025,6,June,8
2026-03-09,20260309,2026,3,March,9
2025-11-26,20251126,2025,11,November,26
2026-03-27,20260327,2026,3,March,27
2026-02-10,20260210,2026,2,February,10
2025-05-31,20250531,2025,5,May,31
2026-04-02,20260402,2026,4,April,2
2025-04-20,20250420,2025,4,April,20
2026-03-21,20260321,2026,3,March,21
2026-03-07,20260307,2026,3,March,7
2025-06-24,20250624,2025,6,June,24
2026-04-13,20260413,2026,4,April,13
2025-10-12,20251012,2025,10,October,12
2025-11-18,20251118,2025,11,November,18
2025-10-05,20251005,2025,10,October,5
2026-03-22,20260322,2026,3,March,22
2025-08-17,20250817,2025,8,August,17
2025-06-17,20250617,2025,6,June,17
2026-02-08,20260208,2026,2,February,8
2025-10-19,20251019,2025,10,October,19
2026-01-05,20260105,2026,1,January,5
2025-11-28,20251128,2025,11,November,28
2025-11-09,20251109,2025,11,November,9
2025-10-09,20251009,2025,10,October,9
2025-05-20,20250520,2025,5,May,20
2025-06-10,20250610,2025,6,June,10
2025-10-01,20251001,2025,10,October,1
2025-04-30,20250430,2025,4,April,30
2025-07-16,20250716,2025,7,July,16
2025-05-27,20250527,2025,5,May,27
2025-07-06,20250706,2025,7,July,6
2026-03-14,20260314,2026,3,March,14
2025-08-29,20250829,2025,8,August,29
2025-06-09,20250609,2025,6,June,9
2026-03-10,20260310,2026,3,March,10
2025-09-04,20250904,2025,9,September,4
2025-10-17,20251017,2025,10,October,17
2025-11-29,20251129,2025,11,November,29
2025-11-27,20251127,2025,11,November,27
2025-12-24,20251224,2025,12,December,24
2025-06-30,20250630,2025,6,June,30
2025-08-05,20250805,2025,8,August,5
2025-11-08,20251108,2025,11,November,8
2025-05-29,20250529,2025,5,May,29
2025-07-09,20250709,2025,7,July,9
2025-12-08,20251208,2025,12,December,8
2026-03-17,20260317,2026,3,March,17
2025-04-18,20250418,2025,4,April,18
2025-10-04,20251004,2025,10,October,4
2025-08-07,20250807,2025,8,August,7
2026-01-27,20260127,2026,1,January,27
2025-05-01,20250501,2025,5,May,1
2025-11-06,20251106,2025,11,November,6
2025-05-26,20250526,2025,5,May,26
2026-01-24,20260124,2026,1,January,24
2025-11-04,20251104,2025,11,November,4
2025-11-20,20251120,2025,11,November,20
2025-09-30,20250930,2025,9,September,30
2026-01-09,20260109,2026,1,January,9
2026-02-23,20260223,2026,2,February,23
2025-12-19,20251219,2025,12,December,19
2025-08-28,20250828,2025,8,August,28
2025-11-03,20251103,2025,11,November,3
2026-04-14,20260414,2026,4,April,14
2026-01-31,20260131,2026,1,January,31
2025-07-10,20250710,2025,7,July,10
2025-05-15,20250515,2025,5,May,15
2025-11-12,20251112,2025,11,November,12
2025-10-16,20251016,2025,10,October,16
2025-08-27,20250827,2025,8,August,27
2025-12-22,20251222,2025,12,December,22
2025-10-10,20251010,2025,10,October,10
2025-05-14,20250514,2025,5,May,14
2026-03-15,20260315,2026,3,March,15
2025-12-12,20251212,2025,12,December,12
2025-07-12,20250712,2025,7,July,12
2025-09-29,20250929,2025,9,September,29
2025-05-18,20250518,2025,5,May,18
2025-09-05,20250905,2025,9,September,5
2026-02-19,20260219,2026,2,February,19
2026-02-28,20260228,2026,2,February,28
2026-01-14,20260114,2026,1,January,14
2025-06-04,20250604,2025,6,June,4
2025-05-24,20250524,2025,5,May,24
2025-06-19,20250619,2025,6,June,19
2025-04-26,20250426,2025,4,April,26
2026-02-09,20260209,2026,2,February,9
2025-04-23,20250423,2025,4,April,23
2025-06-26,20250626,2025,6,June,26
2025-08-22,20250822,2025,8,August,22
2025-11-07,20251107,2025,11,November,7
2025-05-17,20250517,2025,5,May,17
2025-05-09,20250509,2025,5,May,9
2025-04-19,20250419,2025,4,April,19
2025-04-25,20250425,2025,4,April,25
2025-11-30,20251130,2025,11,November,30
2025-07-01,20250701,2025,7,July,1
2025-10-30,20251030,2025,10,October,30
2025-10-07,20251007,2025,10,October,7
2025-12-28,20251228,2025,12,December,28
2026-01-11,20260111,2026,1,January,11
2025-06-25,20250625,2025,6,June,25
2025-06-13,20250613,2025,6,June,13
2026-03-13,20260313,2026,3,March,13
2026-01-30,20260130,2026,1,January,30
2026-03-31,20260331,2026,3,March,31
2026-03-11,20260311,2026,3,March,11
