source,destination,route_name,route_key
CCU,MAA,CCU-MAA,edec40d16277592f865f6f96d12c6237
BOM,CCU,BOM-CCU,4c4c8887c010c37d7c415aee9e223b86
MAA,BOM,MAA-BOM,382e870b93a9172b725c021a093b911d
DEL,HYD,DEL-HYD,96cabcf3c0a98d19c08ef1c8eeba1154
BOM,HYD,BOM-HYD,225fb0760ffcd1233b1e4a61a511e724
BLR,BOM,BLR-BOM,adc4b4919d4f952851b45aa0ac117018
DEL,BLR,DEL-BLR,cf98c283c13881769b3b684c7653eba9
BOM,DEL,BOM-DEL,04f5fd88e0d3bf5692833a97649697b6
DEL,MAA,DEL-MAA,317ae26badc5745d08250ee7a733dd0c
DEL,BOM,DEL-BOM,dd9b7f73506b86ec79aa343e64a2fb35
MAA,DEL,MAA-DEL,b6e2cc2aaf99f21f5582a5d4b9ae2a9f
CCU,DEL,CCU-DEL,671c750b52cf4817ef2aa56f2ace75b0
HYD,DEL,HYD-DEL,bc77046451bd9d63487f804a25d5b6fc
HYD,MAA,HYD-MAA,89b74decd3097ce93ec4cccfa8379efc
HYD,CCU,HYD-CCU,8a783a606a385b3bfe750ffd23c30c03
BOM,MAA,BOM-MAA,127ab6733de551c1aea35612b818c8d5
HYD,BOM,HYD-BOM,c9d4324c50c5e70095cd3e0446bcbd2d
DEL,CCU,DEL-CCU,8ff2523fe27e0b381e5ec1a14e29a704
MAA,HYD,MAA-HYD,a51d75f60b5853f2ce43d68ddc769a90
CCU,HYD,CCU-HYD,27d0f59c48e41aa01667e01a8c02ec7b
MAA,CCU,MAA-CCU,12a0c17677be948b58459ad87ee14879
CCU,BLR,CCU-BLR,cae609ae5d68de9a8792d0e2117d4ded
MAA,BLR,MAA-BLR,71ffb94c38439501b7cb7532b20299ce
HYD,BLR,HYD-BLR,10db3418b17657f44f554b3a79b69f30
BLR,CCU,BLR-CCU,3994560a2c713f116680d065b7d4c478
BOM,BLR,BOM-BLR,c43ed166a8fa9fe1e85762faa8bf124b
BLR,MAA,BLR-MAA,9f16374b2c912e79e7314809f36c7172
CCU,BOM,CCU-BOM,24879a2de7527581c3dbc2294134abe5
BLR,HYD,BLR-HYD,6ae5133ee42f35cd132a43580eeb7688
BLR,DEL,BLR-DEL,b871fbfcad03d855bfddf41229297608
